key,market_link,topic,names
truth_social:108324557382836548,no,other,FWONK:e
truth_social:108371807946709517,no,elections,
truth_social:108481324241048332,no,elections,
truth_social:108698214789182145,no,elections,
truth_social:109043005696022383,no,elections,
truth_social:109145396583313016,no,other,
truth_social:109343263845777288,no,other,
truth_social:109474401947683670,no,courts,
truth_social:109625386575717982,no,courts,
truth_social:110045231517991534,no,courts,
truth_social:110072682419000881,no,courts,
truth_social:110250800217769866,no,elections,
truth_social:110375084258316262,no,courts,
truth_social:110511549204568607,no,courts,
truth_social:110550283506811833,no,courts,
truth_social:110650989332032059,no,other,
truth_social:110657520096692090,no,other,
truth_social:110945310048428845,no,elections,
truth_social:111013167287973514,no,elections,
truth_social:111019761485786681,no,elections,
truth_social:111240996008144556,no,elections,
truth_social:111308868603334004,no,elections,
truth_social:111361158323359915,no,elections,
truth_social:111376632128824245,no,elections,
truth_social:111471966891188733,no,courts,
truth_social:111482667285702469,no,elections,
truth_social:111517519472995845,no,media,
truth_social:111574157422876073,no,elections,
truth_social:111601843274020103,no,elections,
truth_social:111654905785034182,no,other,
truth_social:111670545639250744,no,elections,
truth_social:111698468981731044,no,courts,
truth_social:111704041981709985,no,courts,
truth_social:111729863089116377,no,other,
truth_social:111744686746959543,no,elections,
truth_social:111751374446046797,no,courts,
truth_social:111774417143306229,no,elections,
truth_social:111794365490657388,no,media,
truth_social:111800244721449287,no,courts,
truth_social:111851267798885761,no,elections,
truth_social:111898680867410941,no,elections,
truth_social:111977932880609765,no,other,
truth_social:111983956864523352,no,elections,
truth_social:112027316145373690,no,elections,
truth_social:112027316841016292,no,elections,
truth_social:112047141031510065,no,other,
truth_social:112083365187862856,no,elections,
truth_social:112137039700795426,no,courts,
truth_social:112162525538568392,no,courts,
truth_social:112168130782172121,no,courts,
truth_social:112266455374661045,no,other,
truth_social:112277784738313285,no,other,
truth_social:112316422666754482,no,courts,
truth_social:112350893788689819,no,elections,
truth_social:112366741586914026,no,border_crime,
truth_social:112373634845288711,no,other,
truth_social:112397724923785154,no,courts,
truth_social:112458208082609897,no,elections,
truth_social:112459856028667718,no,courts,
truth_social:112459989461673753,yes,economy,
truth_social:112504173855541239,no,courts,
truth_social:112515377085251810,no,courts,
truth_social:112611520070964739,no,elections,
truth_social:112629077113228519,no,elections,
truth_social:112640744346384819,no,elections,
truth_social:112842695819556544,no,elections,
truth_social:112867291921859522,no,elections,
truth_social:112894686703859511,no,other,
truth_social:112923619684435428,no,elections,
truth_social:112952750572013942,no,elections,
truth_social:112977763063216281,no,elections,
truth_social:112996919340889106,yes,energy,
truth_social:113096819299584669,no,other,
truth_social:113155236804156993,no,elections,
truth_social:113311732586143252,no,elections,
truth_social:113386392975621534,no,media,
truth_social:113621278691359489,no,elections,
truth_social:113681830019483164,yes,taxes_budget,
truth_social:113708422880476904,no,border_crime,
truth_social:113929767736564719,no,war,
truth_social:114014567906020636,no,border_crime,
truth_social:114070882108433827,yes,taxes_budget,
truth_social:114076153524132682,yes,trade,
truth_social:114088564162922800,no,border_crime,
truth_social:114179869587194428,no,other,
truth_social:114194879718374915,yes,companies,NVDA:e
truth_social:114220273052874483,no,other,
truth_social:114472802068018414,yes,trade,NUE:i;STLD:i;CLF:i;AA:i;CENX:i
truth_social:114480839195032975,no,border_crime,
truth_social:114542709133462503,no,other,
truth_social:114605138646113482,yes,taxes_budget,
truth_social:114764221948518343,yes,taxes_budget,
truth_social:114767860718911509,no,courts,
truth_social:114831088465448187,no,other,
truth_social:114970981123138842,no,other,
truth_social:115026837372200506,no,courts,
truth_social:115186503899309206,no,other,
truth_social:115194602130168891,no,other,
truth_social:115216434940272027,no,media,
truth_social:115285407847623317,no,other,
truth_social:115476385101120405,yes,war,
truth_social:115483376777280289,no,elections,
truth_social:115483486488391164,no,elections,
truth_social:115483493833786784,no,elections,
truth_social:115483597298904555,no,elections,
truth_social:115487417269482211,no,elections,
truth_social:115487525926377512,no,elections,
truth_social:115488447988115806,no,elections,
truth_social:115494873923565600,no,elections,
truth_social:115495015896453646,no,elections,
truth_social:115508680705242553,no,other,
truth_social:115516539764708833,no,media,
truth_social:115519648221128582,yes,taxes_budget,
truth_social:115526107177904576,yes,taxes_budget,
truth_social:115533678904226335,no,elections,
truth_social:115548824413984773,yes,economy,
truth_social:115596415059652997,no,media,
truth_social:115599428464496784,yes,war,
truth_social:115617700844849134,no,other,
truth_social:115618335917111212,no,elections,
truth_social:115619210705501837,no,border_crime,
truth_social:115653225494931779,no,elections,
truth_social:115674446098726232,no,border_crime,
truth_social:115710698623079249,no,elections,
truth_social:115713778827349150,no,war,
truth_social:115714068315379947,no,other,
truth_social:115732659042964265,no,war,
truth_social:115742569503999806,no,elections,
truth_social:115785910842203078,no,other,
truth_social:115786745967133949,no,courts,
truth_social:115810716798307317,yes,economy,
truth_social:115814993074933464,no,border_crime,
truth_social:115832088990838303,yes,war,
truth_social:115842866197248103,yes,trade,
truth_social:115848423492044761,no,other,
truth_social:115850817778602689,yes,energy,
truth_social:115854352740910460,no,war,
truth_social:115859532176676320,no,border_crime,
truth_social:115884319075881590,yes,trade,
truth_social:115911133899693977,no,border_crime,
truth_social:115912250523181458,no,courts,
truth_social:115925766187001811,yes,other,
truth_social:115942977423885586,no,war,
truth_social:115946856565328563,no,elections,
truth_social:115952253411267214,no,other,
truth_social:115959599290063796,no,courts,
truth_social:115987233609226463,no,other,
truth_social:116001984939496310,no,war,
truth_social:116007264985679550,no,war,
truth_social:116022020081960274,no,elections,
truth_social:116026828636501753,yes,economy,
truth_social:116054547319697639,no,elections,
truth_social:116058575898389756,yes,energy,
truth_social:116087475988311202,yes,economy,
truth_social:116100280662640693,no,other,
truth_social:116109447886304328,yes,trade,
truth_social:116115155092371431,no,other,
truth_social:116115232971162486,no,other,
truth_social:116137491220241516,no,elections,
truth_social:116138329055014050,no,courts,
truth_social:116143336722246796,no,media,
truth_social:116143341220933079,no,border_crime,
truth_social:116162143729203401,yes,war,
truth_social:116177614604175225,no,border_crime,
truth_social:116177938351998839,yes,energy,
truth_social:116211077818747356,no,other,
truth_social:116222200536303389,no,other,
truth_social:116247928951810982,no,other,
truth_social:116249435067996399,yes,energy,
truth_social:116273083861419785,no,courts,
truth_social:116275668825285445,no,elections,
truth_social:116286710096907230,no,elections,
truth_social:116290799193660420,no,border_crime,
truth_social:116293169358563364,no,courts,
truth_social:116309192353741463,no,courts,
truth_social:116344192713238962,no,media,
truth_social:116359306864156037,no,other,
truth_social:116365303932078350,no,elections,
truth_social:116369645448805093,yes,war,
truth_social:116377358457034052,no,courts,
truth_social:116382563202541274,no,courts,
truth_social:116386190374675994,yes,war,
truth_social:116392655867913780,no,other,
truth_social:116394704213456431,no,other,
truth_social:116394878579443980,no,elections,
truth_social:116400821187586701,no,other,
truth_social:116400917684001165,no,courts,
truth_social:116406729293309103,no,courts,
truth_social:116416177838768498,no,courts,
truth_social:116416234640313369,no,other,
truth_social:116416480932586388,no,other,
truth_social:116416541127655458,no,courts,
truth_social:116416955297746034,no,war,
truth_social:116420038210190121,no,other,
truth_social:116442964943642737,no,war,
truth_social:116444507618729432,yes,war,
truth_social:116446189168001047,no,other,
truth_social:116449863099320049,no,courts,
truth_social:116454250724920799,yes,war,
truth_social:116477838570626860,yes,media,DIS:e
truth_social:116501809611050315,no,elections,
truth_social:116507414650995614,yes,war,
truth_social:116517763130501652,no,elections,
truth_social:116517816855483204,yes,fed_rates,
truth_social:116528208383447126,no,media,
truth_social:116547422429575656,no,other,
truth_social:116558195264551168,no,courts,
truth_social:116559887253123676,no,media,
truth_social:116577975964537452,no,other,
truth_social:116587648609362496,no,elections,
truth_social:116588075000941546,no,elections,
truth_social:116596878160158798,no,elections,
truth_social:116596904558108860,no,elections,
truth_social:116607551580410444,no,elections,
truth_social:116615022975327653,no,other,
truth_social:116615125212867437,no,elections,
truth_social:116624935281735015,no,other,
truth_social:116624958046118800,no,other,
truth_social:116642543193922330,no,media,
truth_social:116647052759264072,no,elections,
truth_social:116660051960105935,no,elections,
truth_social:116678319670541251,no,courts,
truth_social:116687849946543138,no,other,TKO:e
truth_social:116694638006168499,no,elections,
truth_social:116697988425226966,yes,economy,
truth_social:116716969487041954,no,elections,
truth_social:116734152330542415,no,courts,
truth_social:116738087808561603,no,elections,
truth_social:116753690331106553,no,border_crime,
truth_social:116763691297203565,no,elections,
truth_social:116769123459644540,no,elections,
truth_social:116793994014541387,no,other,
truth_social:116796204866042899,no,elections,
truth_social:116825821568797363,no,media,
truth_social:116833138299035157,yes,energy,
truth_social:116836451044750555,no,courts,
truth_social:116847413162359390,yes,energy,
truth_social:116851640807022172,no,other,
truth_social:116868328903806318,no,courts,
truth_social:116869233363782138,no,other,
truth_social:116877256925065925,no,other,
truth_social:116886461770041376,no,border_crime,
truth_social:116892765570239312,no,other,
truth_social:116908506444196312,no,other,
truth_social:116913128333997026,yes,crypto,
truth_social:116918672411457945,no,media,
truth_social:116923472077180326,yes,economy,
truth_social:116923618784603444,no,other,
truth_social:116962896633563415,no,media,
truth_social:116975606621428184,yes,war,
truth_social:116994497445449017,yes,companies,NVDA:e
truth_social:116997858987769069,no,taxes_budget,
truth_social:117011270507732212,no,war,
truth_social:117021572940495076,no,other,
truth_social:117021663417295585,no,other,
truth_social:117027337618143949,no,other,
truth_social:117031820986118471,no,elections,
truth_social:117033923287204711,no,elections,
truth_social:117037742747950916,no,other,
truth_social:117038561113354682,no,elections,
truth_social:117039604712486897,no,other,
truth_social:117049474518698544,no,elections,
truth_social:117073716512485609,no,elections,
truth_social:117074029693150145,no,other,
truth_social:117090336099006688,no,elections,
truth_social:117105409609794697,no,other,
truth_social:117110334410901963,yes,war,
truth_social:117110479507145029,yes,taxes_budget,
truth_social:117113504909016262,no,elections,
truth_social:117113517318085766,no,elections,
truth_social:117118710370504523,no,courts,
truth_social:117134645458445535,no,border_crime,
truth_social:117134649080283243,no,elections,
truth_social:117151539756508748,yes,war,
truth_social:117156902282061140,yes,economy,SPGI:e
truth_social:117170489559297133,no,media,
truth_social:117173823863567245,no,other,
truth_social:117174463721226014,yes,trade,
truth_social:117184423734793149,yes,companies,TSN:i;JBS:i
truth_social:117190477440173795,yes,companies,EQIX:i;DLR:i
truth_social:117196950497702512,yes,war,
truth_social:117197476591086616,yes,companies,NVDA:e
truth_social:117197596651722690,no,other,
truth_social:117204718132251065,no,courts,
truth_social:117227072729259624,no,other,
truth_social:117227309601803941,no,other,
truth_social:117231907664551152,yes,economy,
truth_social:117270347763611160,yes,economy,
truth_social:117276640394053011,no,media,
truth_social:117286503878102441,no,other,
truth_social:117294485458402353,no,other,
truth_social:117301659812842043,no,media,
truth_social:117307260504631667,no,media,
truth_social:117310724294153031,no,media,
truth_social:117316991845409643,no,courts,
truth_social:117323148147220269,yes,companies,BA:e
truth_social:117334612403862517,no,border_crime,
truth_social:117348443536619757,no,other,
truth_social:117348448650549090,no,border_crime,
truth_social:117348516464234551,no,elections,
