key,set
truth_social:115476385101120405,precision_window
truth_social:115483376777280289,precision_window
truth_social:115483486488391164,precision_window
truth_social:115483493833786784,precision_window
truth_social:115483597298904555,precision_window
truth_social:115487417269482211,precision_window
truth_social:115487525926377512,precision_window
truth_social:115488447988115806,precision_window
truth_social:115494873923565600,precision_window
truth_social:115495015896453646,precision_window
truth_social:115508680705242553,precision_window
truth_social:115516539764708833,precision_window
truth_social:115519648221128582,precision_window
truth_social:115526107177904576,precision_window
truth_social:115533678904226335,precision_window
truth_social:115548824413984773,precision_window
truth_social:115596415059652997,precision_window
truth_social:115599428464496784,precision_window
truth_social:115617700844849134,precision_window
truth_social:115618335917111212,precision_window
truth_social:115619210705501837,precision_window
truth_social:115653225494931779,precision_window
truth_social:115674446098726232,precision_window
truth_social:115710698623079249,precision_window
truth_social:115713778827349150,precision_window
truth_social:115714068315379947,precision_window
truth_social:115732659042964265,precision_window
truth_social:115742569503999806,precision_window
truth_social:115785910842203078,precision_window
truth_social:115786745967133949,precision_window
truth_social:115810716798307317,precision_window
truth_social:115814993074933464,precision_window
truth_social:115832088990838303,precision_window
truth_social:115842866197248103,precision_window
truth_social:115848423492044761,precision_window
truth_social:115850817778602689,precision_window
truth_social:115854352740910460,precision_window
truth_social:115859532176676320,precision_window
truth_social:115884319075881590,precision_window
truth_social:115911133899693977,precision_window
truth_social:115912250523181458,precision_window
truth_social:115925766187001811,precision_window
truth_social:115942977423885586,precision_window
truth_social:115946856565328563,precision_window
truth_social:115952253411267214,precision_window
truth_social:115959599290063796,precision_window
truth_social:115987233609226463,precision_window
truth_social:116001984939496310,precision_window
truth_social:116007264985679550,precision_window
truth_social:116022020081960274,precision_window
truth_social:116026828636501753,precision_window
truth_social:116054547319697639,precision_window
truth_social:116058575898389756,precision_window
truth_social:116087475988311202,precision_window
truth_social:116100280662640693,precision_window
truth_social:116109447886304328,precision_window
truth_social:116115155092371431,precision_window
truth_social:116115232971162486,precision_window
truth_social:116137491220241516,precision_window
truth_social:116138329055014050,precision_window
truth_social:116143336722246796,precision_window
truth_social:116143341220933079,precision_window
truth_social:116162143729203401,precision_window
truth_social:116177614604175225,precision_window
truth_social:116177938351998839,precision_window
truth_social:116211077818747356,precision_window
truth_social:116222200536303389,precision_window
truth_social:116247928951810982,precision_window
truth_social:116249435067996399,precision_window
truth_social:116273083861419785,precision_window
truth_social:116275668825285445,precision_window
truth_social:116286710096907230,precision_window
truth_social:116290799193660420,precision_window
truth_social:116293169358563364,precision_window
truth_social:116309192353741463,precision_window
truth_social:116344192713238962,precision_window
truth_social:116359306864156037,precision_window
truth_social:116365303932078350,precision_window
truth_social:116369645448805093,precision_window
truth_social:116377358457034052,precision_window
truth_social:116382563202541274,precision_window
truth_social:116386190374675994,precision_window
truth_social:116392655867913780,precision_window
truth_social:116394704213456431,precision_window
truth_social:116394878579443980,precision_window
truth_social:116400821187586701,precision_window
truth_social:116400917684001165,precision_window
truth_social:116406729293309103,precision_window
truth_social:116416177838768498,precision_window
truth_social:116416234640313369,precision_window
truth_social:116416480932586388,precision_window
truth_social:116416541127655458,precision_window
truth_social:116416955297746034,precision_window
truth_social:116420038210190121,precision_window
truth_social:116442964943642737,precision_window
truth_social:116444507618729432,precision_window
truth_social:116446189168001047,precision_window
truth_social:116449863099320049,precision_window
truth_social:116454250724920799,precision_window
truth_social:116477838570626860,precision_window
truth_social:116501809611050315,precision_window
truth_social:116507414650995614,precision_window
truth_social:116517763130501652,precision_window
truth_social:116517816855483204,precision_window
truth_social:116528208383447126,precision_window
truth_social:116547422429575656,precision_window
truth_social:116558195264551168,precision_window
truth_social:116559887253123676,precision_window
truth_social:116577975964537452,precision_window
truth_social:116587648609362496,precision_window
truth_social:116588075000941546,precision_window
truth_social:116596878160158798,precision_window
truth_social:116596904558108860,precision_window
truth_social:116607551580410444,precision_window
truth_social:116615022975327653,precision_window
truth_social:116615125212867437,precision_window
truth_social:116624935281735015,precision_window
truth_social:116624958046118800,precision_window
truth_social:116642543193922330,precision_window
truth_social:116647052759264072,precision_window
truth_social:116660051960105935,precision_window
truth_social:116678319670541251,precision_window
truth_social:116687849946543138,precision_window
truth_social:116694638006168499,precision_window
truth_social:116697988425226966,precision_window
truth_social:116716969487041954,precision_window
truth_social:116734152330542415,precision_window
truth_social:116738087808561603,precision_window
truth_social:116753690331106553,precision_window
truth_social:116763691297203565,precision_window
truth_social:116769123459644540,precision_window
truth_social:116793994014541387,precision_window
truth_social:116796204866042899,precision_window
truth_social:116825821568797363,precision_window
truth_social:116833138299035157,precision_window
truth_social:116836451044750555,precision_window
truth_social:116847413162359390,precision_window
truth_social:116851640807022172,precision_window
truth_social:116868328903806318,precision_window
truth_social:116869233363782138,precision_window
truth_social:116877256925065925,precision_window
truth_social:116886461770041376,precision_window
truth_social:116892765570239312,precision_window
truth_social:116908506444196312,precision_window
truth_social:116913128333997026,precision_window
truth_social:116918672411457945,precision_window
truth_social:116923472077180326,precision_window
truth_social:116923618784603444,precision_window
truth_social:116962896633563415,precision_window
truth_social:116975606621428184,precision_window
truth_social:116994497445449017,precision_window
truth_social:116997858987769069,precision_window
truth_social:117011270507732212,precision_window
truth_social:117021572940495076,precision_window
truth_social:117021663417295585,precision_window
truth_social:117027337618143949,precision_window
truth_social:117031820986118471,precision_window
truth_social:117033923287204711,precision_window
truth_social:117037742747950916,precision_window
truth_social:117038561113354682,precision_window
truth_social:117039604712486897,precision_window
truth_social:117049474518698544,precision_window
truth_social:117073716512485609,precision_window
truth_social:117074029693150145,precision_window
truth_social:117090336099006688,precision_window
truth_social:117105409609794697,precision_window
truth_social:117110334410901963,precision_window
truth_social:117110479507145029,precision_window
truth_social:117113504909016262,precision_window
truth_social:117113517318085766,precision_window
truth_social:117118710370504523,precision_window
truth_social:117134645458445535,precision_window
truth_social:117134649080283243,precision_window
truth_social:117151539756508748,precision_window
truth_social:117156902282061140,precision_window
truth_social:117170489559297133,precision_window
truth_social:117173823863567245,precision_window
truth_social:117174463721226014,precision_window
truth_social:117184423734793149,precision_window
truth_social:117190477440173795,precision_window
truth_social:117196950497702512,precision_window
truth_social:117197476591086616,precision_window
truth_social:117197596651722690,precision_window
truth_social:117204718132251065,precision_window
truth_social:117227072729259624,precision_window
truth_social:117227309601803941,precision_window
truth_social:117231907664551152,precision_window
truth_social:117270347763611160,precision_window
truth_social:117276640394053011,precision_window
truth_social:117286503878102441,precision_window
truth_social:117294485458402353,precision_window
truth_social:117301659812842043,precision_window
truth_social:117307260504631667,precision_window
truth_social:117310724294153031,precision_window
truth_social:117316991845409643,precision_window
truth_social:117323148147220269,precision_window
truth_social:117334612403862517,precision_window
truth_social:117348443536619757,precision_window
truth_social:117348448650549090,precision_window
truth_social:117348516464234551,precision_window
truth_social:108324557382836548,precision_early
truth_social:108371807946709517,precision_early
truth_social:108481324241048332,precision_early
truth_social:108698214789182145,precision_early
truth_social:109043005696022383,precision_early
truth_social:109145396583313016,precision_early
truth_social:109343263845777288,precision_early
truth_social:109474401947683670,precision_early
truth_social:109625386575717982,precision_early
truth_social:110045231517991534,precision_early
truth_social:110072682419000881,precision_early
truth_social:110250800217769866,precision_early
truth_social:110375084258316262,precision_early
truth_social:110511549204568607,precision_early
truth_social:110550283506811833,precision_early
truth_social:110650989332032059,precision_early
truth_social:110657520096692090,precision_early
truth_social:110945310048428845,precision_early
truth_social:111013167287973514,precision_early
truth_social:111019761485786681,precision_early
truth_social:111240996008144556,precision_early
truth_social:111308868603334004,precision_early
truth_social:111361158323359915,precision_early
truth_social:111376632128824245,precision_early
truth_social:111471966891188733,precision_early
truth_social:111482667285702469,precision_early
truth_social:111517519472995845,precision_early
truth_social:111574157422876073,precision_early
truth_social:111601843274020103,precision_early
truth_social:111654905785034182,precision_early
truth_social:111670545639250744,precision_early
truth_social:111698468981731044,precision_early
truth_social:111704041981709985,precision_early
truth_social:111729863089116377,precision_early
truth_social:111744686746959543,precision_early
truth_social:111751374446046797,precision_early
truth_social:111774417143306229,precision_early
truth_social:111794365490657388,precision_early
truth_social:111800244721449287,precision_early
truth_social:111851267798885761,precision_early
truth_social:111898680867410941,precision_early
truth_social:111977932880609765,precision_early
truth_social:111983956864523352,precision_early
truth_social:112027316145373690,precision_early
truth_social:112027316841016292,precision_early
truth_social:112047141031510065,precision_early
truth_social:112083365187862856,precision_early
truth_social:112137039700795426,precision_early
truth_social:112162525538568392,precision_early
truth_social:112168130782172121,precision_early
truth_social:112266455374661045,precision_early
truth_social:112277784738313285,precision_early
truth_social:112316422666754482,precision_early
truth_social:112350893788689819,precision_early
truth_social:112366741586914026,precision_early
truth_social:112373634845288711,precision_early
truth_social:112397724923785154,precision_early
truth_social:112458208082609897,precision_early
truth_social:112459856028667718,precision_early
truth_social:112459989461673753,precision_early
truth_social:112504173855541239,precision_early
truth_social:112515377085251810,precision_early
truth_social:112611520070964739,precision_early
truth_social:112629077113228519,precision_early
truth_social:112640744346384819,precision_early
truth_social:112842695819556544,precision_early
truth_social:112867291921859522,precision_early
truth_social:112894686703859511,precision_early
truth_social:112923619684435428,precision_early
truth_social:112952750572013942,precision_early
truth_social:112977763063216281,precision_early
truth_social:112996919340889106,precision_early
truth_social:113096819299584669,precision_early
truth_social:113155236804156993,precision_early
truth_social:113311732586143252,precision_early
truth_social:113386392975621534,precision_early
truth_social:113621278691359489,precision_early
truth_social:113681830019483164,precision_early
truth_social:113708422880476904,precision_early
truth_social:113929767736564719,precision_early
truth_social:114014567906020636,precision_early
truth_social:114070882108433827,precision_early
truth_social:114076153524132682,precision_early
truth_social:114088564162922800,precision_early
truth_social:114179869587194428,precision_early
truth_social:114194879718374915,precision_early
truth_social:114220273052874483,precision_early
truth_social:114472802068018414,precision_early
truth_social:114480839195032975,precision_early
truth_social:114542709133462503,precision_early
truth_social:114605138646113482,precision_early
truth_social:114764221948518343,precision_early
truth_social:114767860718911509,precision_early
truth_social:114831088465448187,precision_early
truth_social:114970981123138842,precision_early
truth_social:115026837372200506,precision_early
truth_social:115186503899309206,precision_early
truth_social:115194602130168891,precision_early
truth_social:115216434940272027,precision_early
truth_social:115285407847623317,precision_early
truth_social:108211822140637685,dev
truth_social:108226786402175393,dev
truth_social:108317741333793003,dev
truth_social:108334198592000413,dev
truth_social:108422227268876897,dev
truth_social:108513010651245430,dev
truth_social:108556603830423540,dev
truth_social:108688976862836685,dev
truth_social:108692405296994378,dev
truth_social:108707942896549589,dev
truth_social:108879130078512126,dev
truth_social:109023427512704410,dev
truth_social:109123309236439295,dev
truth_social:109162774910593079,dev
truth_social:109215235902211357,dev
truth_social:109229393970564997,dev
truth_social:109278404759596518,dev
truth_social:109737010997901791,dev
truth_social:109779764118991362,dev
truth_social:109826888832951157,dev
truth_social:110283441119458193,dev
truth_social:110290247656701743,dev
truth_social:110402651001665896,dev
truth_social:110427480061536455,dev
truth_social:110628130954151730,dev
truth_social:110778376775171953,dev
truth_social:110879663164211043,dev
truth_social:110976003818346112,dev
truth_social:111201148956520603,dev
truth_social:111229225750898835,dev
truth_social:111312773604320894,dev
truth_social:111427830181814018,dev
truth_social:111439396712031843,dev
truth_social:111599861583911538,dev
truth_social:111676045351667327,dev
truth_social:111766151747109002,dev
truth_social:111845776467240510,dev
truth_social:111848593080388710,dev
truth_social:111869854123916623,dev
truth_social:111927469774608087,dev
truth_social:111947735509237390,dev
truth_social:111978517286993039,dev
truth_social:111998480659976151,dev
truth_social:112038026037364851,dev
truth_social:112057970086205172,dev
truth_social:112060202624253077,dev
truth_social:112078629652415384,dev
truth_social:112086325351192822,dev
truth_social:112115023813770562,dev
truth_social:112174354036652521,dev
truth_social:112231181756280454,dev
truth_social:112275552826318390,dev
truth_social:112275967642020313,dev
truth_social:112340329202849294,dev
truth_social:112439339594622745,dev
truth_social:112476725011573831,dev
truth_social:112482327347517279,dev
truth_social:112497355878813515,dev
truth_social:112530389317992252,dev
truth_social:112531797445934111,dev
truth_social:112590099023730968,dev
truth_social:112657138139333894,dev
truth_social:112734362888848804,dev
truth_social:112748312910832026,dev
truth_social:112774724146464817,dev
truth_social:112858420521267790,dev
truth_social:112870177481919149,dev
truth_social:112884098062653797,dev
truth_social:112926383808534851,dev
truth_social:112946363602787083,dev
truth_social:112954754390716488,dev
truth_social:112979048179288919,dev
truth_social:113078974408809143,dev
truth_social:113092148701004056,dev
truth_social:113108412436187422,dev
truth_social:113204747916920239,dev
truth_social:113235295364080906,dev
truth_social:113342187359770185,dev
truth_social:113380316593896627,dev
truth_social:113391289953982902,dev
truth_social:113419662676904240,dev
truth_social:113603430758658014,dev
truth_social:113652759052067639,dev
truth_social:113766496962657828,dev
truth_social:113794310597997768,dev
truth_social:113982206998719178,dev
truth_social:114015581630558522,dev
truth_social:114098542644386176,dev
truth_social:114421868853801846,dev
truth_social:114450726968071164,dev
truth_social:114736023113491933,dev
truth_social:114774593071456633,dev
truth_social:114953962646647794,dev
truth_social:114987872108405561,dev
truth_social:115017465040283855,dev
truth_social:115098905035838387,dev
truth_social:115254544745193117,dev
truth_social:115391767709119144,dev
truth_social:115396632441470075,dev
truth_social:115426823727952497,dev
truth_social:108283645798040766,topics
truth_social:108323603670613010,topics
truth_social:108351931706129809,topics
truth_social:108397641376875033,topics
truth_social:108475734630887783,topics
truth_social:108520966915808020,topics
truth_social:108558384841980647,topics
truth_social:108577959167825911,topics
truth_social:108620783119008465,topics
truth_social:108625211648601567,topics
truth_social:108685115915257787,topics
truth_social:108733890154881483,topics
truth_social:108754541241087373,topics
truth_social:108760724459673474,topics
truth_social:108777261971952725,topics
truth_social:108805982000044809,topics
truth_social:108816713260676094,topics
truth_social:108875639119073616,topics
truth_social:108879140302330895,topics
truth_social:108908733962368442,topics
truth_social:108914191352296732,topics
truth_social:108917346026579691,topics
truth_social:108919551852852903,topics
truth_social:108930861680124354,topics
truth_social:108934229127770082,topics
truth_social:108952218794170664,topics
truth_social:108997006470192139,topics
truth_social:109162628563355955,topics
truth_social:109192353202698867,topics
truth_social:109207405897186785,topics
truth_social:109287998267859224,topics
truth_social:109342885938600238,topics
truth_social:109378440886415833,topics
truth_social:109412757444768475,topics
truth_social:109485503714390345,topics
truth_social:109491687576829163,topics
truth_social:109514376620021234,topics
truth_social:109531932540891300,topics
truth_social:109563125240986241,topics
truth_social:109587060810412506,topics
truth_social:109611314478969621,topics
truth_social:109676391564538343,topics
truth_social:109683569334264911,topics
truth_social:109715776077575742,topics
truth_social:109739690490019072,topics
truth_social:109797076368777392,topics
truth_social:109800792959163239,topics
truth_social:109820697759350906,topics
truth_social:109823292143955862,topics
truth_social:109826633192399806,topics
truth_social:109871465851858189,topics
truth_social:109910504029477489,topics
truth_social:109953683010180921,topics
truth_social:109972334633568562,topics
truth_social:110068525417762204,topics
truth_social:110072072393579087,topics
truth_social:110171572753010366,topics
truth_social:110189558819377211,topics
truth_social:110200945960247000,topics
truth_social:110237531766086394,topics
truth_social:110288383686497425,topics
truth_social:110301700052983028,topics
truth_social:110369675224108567,topics
truth_social:110395897199500981,topics
truth_social:110402539544966858,topics
truth_social:110460160338451671,topics
truth_social:110492504108368110,topics
truth_social:110493931722396282,topics
truth_social:110529086872888115,topics
truth_social:110566840453304873,topics
truth_social:110584749153694120,topics
truth_social:110622742636428857,topics
truth_social:110633550296716380,topics
truth_social:110693354835838047,topics
truth_social:110699176199446233,topics
truth_social:110707955446062992,topics
truth_social:110723733581778294,topics
truth_social:110726111941262489,topics
truth_social:110747608133010481,topics
truth_social:110789370703702413,topics
truth_social:110793585313264339,topics
truth_social:110820945226370952,topics
truth_social:110846349074069382,topics
truth_social:110912893162741302,topics
truth_social:110941497208887298,topics
truth_social:110941763239255000,topics
truth_social:110979278472110022,topics
truth_social:111003479261188342,topics
truth_social:111013205312819434,topics
truth_social:111026215799488837,topics
truth_social:111051842084249310,topics
truth_social:111086938283116729,topics
truth_social:111100264009324383,topics
truth_social:111121760138767862,topics
truth_social:111132285517101129,topics
truth_social:111157237807015072,topics
truth_social:111171136822383110,topics
truth_social:111213507867874658,topics
truth_social:111245158604028293,topics
truth_social:111251415154485700,topics
truth_social:111274764847038246,topics
truth_social:111276156787825329,topics
truth_social:111284992354861739,topics
truth_social:111285218113262146,topics
truth_social:111298901854973299,topics
truth_social:111323774296312546,topics
truth_social:111361271564931984,topics
truth_social:111370234182836071,topics
truth_social:111373225096610033,topics
truth_social:111378721391830878,topics
truth_social:111387014628489419,topics
truth_social:111432698183054684,topics
truth_social:111434585564112606,topics
truth_social:111455172291754835,topics
truth_social:111455546527333540,topics
truth_social:111492371198830509,topics
truth_social:111574455533534237,topics
truth_social:111575762863965514,topics
truth_social:111592830882294278,topics
truth_social:111621212798356641,topics
truth_social:111626575312296046,topics
truth_social:111631463849400868,topics
truth_social:111637140815585403,topics
truth_social:111656054654418185,topics
truth_social:111687956169746111,topics
truth_social:111700702455326397,topics
truth_social:111706338622518412,topics
truth_social:111710708206042134,topics
truth_social:111716674341422166,topics
truth_social:111721512140543737,topics
truth_social:111734717976764700,topics
truth_social:111740994103435260,topics
truth_social:111775829293438218,topics
truth_social:111784781463325136,topics
truth_social:111789825992370683,topics
truth_social:111795192488858120,topics
truth_social:111800236642401921,topics
truth_social:111800245402358370,topics
truth_social:111800257801416188,topics
truth_social:111812133622745172,topics
truth_social:111812427565601582,topics
truth_social:111835089472298402,topics
truth_social:111848065631167503,topics
truth_social:111853023912666829,topics
truth_social:111875077983406803,topics
truth_social:111899291163977945,topics
truth_social:112016375923174766,topics
truth_social:112027313381629206,topics
truth_social:112050558730232529,topics
truth_social:112057376315396535,topics
truth_social:112057599708362712,topics
truth_social:112057684802698091,topics
truth_social:112057875886351632,topics
truth_social:112057895164441137,topics
truth_social:112058165637365021,topics
truth_social:112094921106558223,topics
truth_social:112095029208903139,topics
truth_social:112119194707391958,topics
truth_social:112139314287058409,topics
truth_social:112141677571261004,topics
truth_social:112157353150442962,topics
truth_social:112158298937780664,topics
truth_social:112169912347911991,topics
truth_social:112198570798408427,topics
truth_social:112201692729716475,topics
truth_social:112232554618322319,topics
truth_social:112264678882483615,topics
truth_social:112275670976490640,topics
truth_social:112288973678097435,topics
truth_social:112289079310717638,topics
truth_social:112305116582213823,topics
truth_social:112312890922422470,topics
truth_social:112316546574028670,topics
truth_social:112357431269734763,topics
truth_social:112402564116316317,topics
truth_social:112413468421713732,topics
truth_social:112416927647572840,topics
truth_social:112425112941000096,topics
truth_social:112427931302111156,topics
truth_social:112440956677333233,topics
truth_social:112453677633426696,topics
truth_social:112470663358901401,topics
truth_social:112475817244054947,topics
truth_social:112476598535463462,topics
truth_social:112497529302609463,topics
truth_social:112505051814502302,topics
truth_social:112509242336657491,topics
truth_social:112509284809536089,topics
truth_social:112510993586032200,topics
truth_social:112525894020764932,topics
truth_social:112532453963389112,topics
truth_social:112533257436704544,topics
truth_social:112538172821928764,topics
truth_social:112558988012665479,topics
truth_social:112560136796352293,topics
truth_social:112577051799954128,topics
truth_social:112589431032703260,topics
truth_social:112593638569567661,topics
truth_social:112611621724393459,topics
truth_social:112623861508969974,topics
truth_social:112629360961153914,topics
truth_social:112633851505985477,topics
truth_social:112640145302300084,topics
truth_social:112692365305526637,topics
truth_social:112705468544651569,topics
truth_social:112707283730716174,topics
truth_social:112708496567769951,topics
truth_social:112821437016688800,topics
truth_social:112882765030234104,topics
truth_social:112899688065669035,topics
truth_social:112899977607675451,topics
truth_social:112923977081353404,topics
truth_social:112924294887175860,topics
truth_social:112928221079227660,topics
truth_social:112933111264243417,topics
truth_social:112944255426268462,topics
truth_social:112945865832280924,topics
truth_social:112977785443099451,topics
truth_social:112977798582019687,topics
truth_social:112984880855958746,topics
truth_social:113009125337963716,topics
truth_social:113009177436070925,topics
truth_social:113039938131903427,topics
truth_social:113040268424863483,topics
truth_social:113040445695769258,topics
truth_social:113042923600621294,topics
truth_social:113048471178908978,topics
truth_social:113080802662705402,topics
truth_social:113108833625007443,topics
truth_social:113117026835891752,topics
truth_social:113141335012375231,topics
truth_social:113142055285140086,topics
truth_social:113166504006722255,topics
truth_social:113177872928590433,topics
truth_social:113205285651707056,topics
truth_social:113210787828078919,topics
truth_social:113227105577815346,topics
truth_social:113239611337695743,topics
truth_social:113245700990171726,topics
truth_social:113255678417338178,topics
truth_social:113285578461934010,topics
truth_social:113289713317466166,topics
truth_social:113323856387051404,topics
truth_social:113337107350070369,topics
truth_social:113345955802790441,topics
truth_social:113345990630579794,topics
truth_social:113354688209368849,topics
truth_social:113359044153318787,topics
truth_social:113366664836484182,topics
truth_social:113375262684885376,topics
truth_social:113404894982236716,topics
truth_social:113410819216773137,topics
truth_social:113472416019067794,topics
truth_social:113562899306726659,topics
truth_social:113595807734621827,topics
truth_social:113595810693615819,topics
truth_social:113631068297971493,topics
truth_social:113642120976193077,topics
truth_social:113709287320230006,topics
truth_social:113759153879157409,topics
truth_social:113811527858687071,topics
truth_social:113885585200862094,topics
truth_social:113996895642654410,topics
truth_social:114105388432604284,topics
truth_social:114151257383811463,topics
truth_social:114179857581963138,topics
truth_social:114195410721793973,topics
truth_social:114220275060496331,topics
truth_social:114223545860504889,topics
truth_social:114235097919072113,topics
truth_social:114259775317961958,topics
truth_social:114263048748701626,topics
truth_social:114265988202750791,topics
truth_social:114309144289505174,topics
truth_social:114348450615002470,topics
truth_social:114360632714487285,topics
truth_social:114370637123886922,topics
truth_social:114400040845423536,topics
truth_social:114419175691843654,topics
truth_social:114421964827021828,topics
truth_social:114464206114299371,topics
truth_social:114586960080176462,topics
truth_social:114599417835206103,topics
truth_social:114616207227510153,topics
truth_social:114625064616541014,topics
truth_social:114637373477221541,topics
truth_social:114651482271002772,topics
truth_social:114666915445156763,topics
truth_social:114711949674671760,topics
truth_social:114715718665126727,topics
truth_social:114723475582004402,topics
truth_social:114756665667022418,topics
truth_social:114764759831258587,topics
truth_social:114767776118163077,topics
truth_social:114789968096151564,topics
truth_social:114825046600516465,topics
truth_social:114880074981803996,topics
truth_social:114886140818665946,topics
truth_social:114887221069099658,topics
truth_social:114888488677783141,topics
truth_social:114934191239714896,topics
truth_social:114953968595024935,topics
truth_social:114960291067363177,topics
truth_social:114987257158661963,topics
truth_social:114989897956103830,topics
truth_social:115022199052825878,topics
truth_social:115028539481492668,topics
truth_social:115064726295507295,topics
truth_social:115067017601499775,topics
truth_social:115114339832960282,topics
truth_social:115120906287440313,topics
truth_social:115176212194047212,topics
truth_social:115204049358078594,topics
truth_social:115239044263612470,topics
truth_social:115239306164275142,topics
truth_social:115401182824973489,topics
truth_social:115437112529618205,topics
truth_social:115487407766645489,topics
truth_social:115499529258415888,topics
truth_social:115509306635941834,topics
truth_social:115567081810209795,topics
truth_social:115579394833948106,topics
truth_social:115679765232612242,topics
truth_social:115707808536071986,topics
truth_social:115714676658999589,topics
truth_social:115748870260800797,topics
truth_social:115760829286615399,topics
truth_social:115814390834030545,topics
truth_social:115854238467475779,topics
truth_social:115855387946005468,topics
truth_social:115862665860473431,topics
truth_social:115915881410679214,topics
truth_social:115915952093312324,topics
truth_social:115919038563850124,topics
truth_social:115930710693248379,topics
truth_social:115941745683532182,topics
truth_social:115942972476214414,topics
truth_social:115956876838938120,topics
truth_social:115995786512051662,topics
truth_social:116001521088210593,topics
truth_social:116015584302654813,topics
truth_social:116065610176562623,topics
truth_social:116083002322886425,topics
truth_social:116100256660953544,topics
truth_social:116143340108802029,topics
truth_social:116143529511602022,topics
truth_social:116143698866938654,topics
truth_social:116166926920657651,topics
truth_social:116177616682804114,topics
truth_social:116200253375013431,topics
truth_social:116223767250350057,topics
truth_social:116249873076369025,topics
truth_social:116256214426681641,topics
truth_social:116269555618597105,topics
truth_social:116329512466946656,topics
truth_social:116355984273646320,topics
truth_social:116365288444023601,topics
truth_social:116365289686358949,topics
truth_social:116365290259205790,topics
truth_social:116396009153482976,topics
truth_social:116440123694064271,topics
truth_social:116457972455781406,topics
truth_social:116513086831283231,topics
truth_social:116530650590886544,topics
truth_social:116533234584336287,topics
truth_social:116552577177859102,topics
truth_social:116584540364979721,topics
truth_social:116596908950858501,topics
truth_social:116649465703521507,topics
truth_social:116677949779666562,topics
truth_social:116680659724813616,topics
truth_social:116683385134135304,topics
truth_social:116687762927075610,topics
truth_social:116693183957822792,topics
truth_social:116713809450237814,topics
truth_social:116725444469272742,topics
truth_social:116789789595899412,topics
truth_social:116803051885813542,topics
truth_social:116844345882299067,topics
truth_social:116886926110208412,topics
truth_social:116908044067369620,topics
truth_social:116936972968744613,topics
truth_social:116947970927862123,topics
truth_social:116953050956197142,topics
truth_social:116972989857630623,topics
truth_social:117000544407681188,topics
truth_social:117026031118146577,topics
truth_social:117033372616516237,topics
truth_social:117033878445500893,topics
truth_social:117078967972327386,topics
truth_social:117084805501470506,topics
truth_social:117119761850520698,topics
truth_social:117134643261686455,topics
truth_social:117134652986157363,topics
truth_social:117174460985063252,topics
truth_social:117198100068865592,topics
truth_social:117207687594983323,topics
truth_social:117213719435854140,topics
truth_social:117215023817706053,topics
truth_social:117270538101466607,topics
truth_social:108809454912105665,match
truth_social:108952337524740244,match
truth_social:109123698568322659,match
truth_social:109542770816494369,match
truth_social:109836837116461390,match
truth_social:110384051064378318,match
truth_social:110475840682787882,match
truth_social:110826195969815808,match
truth_social:110964486144064686,match
truth_social:111076755850485138,match
truth_social:111137924538404850,match
truth_social:111146021758433442,match
truth_social:111512227817146364,match
truth_social:111551588135419982,match
truth_social:111621096414641540,match
truth_social:111712513152072722,match
truth_social:111882108215156086,match
truth_social:112505041152285504,match
truth_social:113301449737228852,match
truth_social:113426436990570801,match
truth_social:115216445416479469,match
truth_social:115493792769655959,match
truth_social:115663952570644904,match
truth_social:115791817694825755,match
truth_social:115871567004197826,match
truth_social:115946646049401300,match
truth_social:116213110990414470,match
truth_social:116591756607268698,match
truth_social:116596886701876953,match
truth_social:117337317276437965,match
