key,past_key,band,score,same
truth_social:108809454912105665,truth_social:1551,0.90,0.921869,
truth_social:108809454912105665,truth_social:1614,0.90,0.921512,
truth_social:108809454912105665,truth_social:1310,0.90,0.903730,
truth_social:108809454912105665,truth_social:754,0.85,0.875614,
truth_social:108809454912105665,truth_social:583,0.85,0.874958,
truth_social:108809454912105665,truth_social:1136,0.85,0.871869,
truth_social:108809454912105665,truth_social:822,0.80,0.843282,
truth_social:108809454912105665,truth_social:955,0.80,0.817634,
truth_social:108809454912105665,truth_social:1865,0.80,0.807624,
truth_social:108809454912105665,truth_social:1000,0.75,0.783209,
truth_social:108809454912105665,truth_social:685,0.75,0.781067,
truth_social:108809454912105665,truth_social:1426,0.75,0.761477,
truth_social:108809454912105665,truth_social:454,0.70,0.730442,
truth_social:108809454912105665,truth_social:411,0.70,0.708248,
truth_social:108809454912105665,truth_social:1858,0.70,0.705036,
truth_social:108952337524740244,truth_social:1720,0.90,0.994958,
truth_social:108952337524740244,truth_social:558,0.90,0.988146,
truth_social:108952337524740244,truth_social:424,0.90,0.955833,
truth_social:108952337524740244,truth_social:421,0.85,0.873670,
truth_social:108952337524740244,truth_social:1925,0.85,0.863401,
truth_social:108952337524740244,truth_social:1817,0.85,0.850594,
truth_social:108952337524740244,truth_social:1826,0.80,0.842707,
truth_social:108952337524740244,truth_social:498,0.80,0.813511,
truth_social:108952337524740244,truth_social:839,0.80,0.804160,
truth_social:108952337524740244,truth_social:714,0.75,0.796350,
truth_social:108952337524740244,truth_social:136,0.75,0.793531,
truth_social:108952337524740244,truth_social:1478,0.75,0.764794,
truth_social:108952337524740244,truth_social:1137,0.70,0.729353,
truth_social:108952337524740244,truth_social:1941,0.70,0.724743,
truth_social:108952337524740244,truth_social:1076,0.70,0.719296,
truth_social:109123698568322659,truth_social:33,0.90,0.989270,
truth_social:109123698568322659,truth_social:519,0.90,0.982696,
truth_social:109123698568322659,truth_social:311,0.90,0.947634,
truth_social:109123698568322659,truth_social:1033,0.85,0.898476,
truth_social:109123698568322659,truth_social:724,0.85,0.894768,
truth_social:109123698568322659,truth_social:478,0.85,0.858399,
truth_social:109123698568322659,truth_social:1078,0.80,0.839257,
truth_social:109123698568322659,truth_social:211,0.80,0.836648,
truth_social:109123698568322659,truth_social:545,0.80,0.809485,
truth_social:109123698568322659,truth_social:1201,0.75,0.761332,
truth_social:109123698568322659,truth_social:1137,0.70,0.715511,
truth_social:109542770816494369,truth_social:1477,0.90,0.957748,
truth_social:109542770816494369,truth_social:1613,0.90,0.941431,
truth_social:109542770816494369,truth_social:1951,0.90,0.923675,
truth_social:109542770816494369,truth_social:1034,0.85,0.877299,
truth_social:109542770816494369,truth_social:1331,0.85,0.864714,
truth_social:109542770816494369,truth_social:846,0.85,0.856223,
truth_social:109542770816494369,truth_social:1154,0.80,0.840303,
truth_social:109542770816494369,truth_social:54,0.80,0.832395,
truth_social:109542770816494369,truth_social:679,0.80,0.832234,
truth_social:109542770816494369,truth_social:7,0.75,0.798347,
truth_social:109542770816494369,truth_social:551,0.75,0.787234,
truth_social:109542770816494369,truth_social:1476,0.75,0.756596,
truth_social:109542770816494369,truth_social:475,0.70,0.737467,
truth_social:109542770816494369,truth_social:1765,0.70,0.728088,
truth_social:109542770816494369,truth_social:1611,0.70,0.714709,
truth_social:109836837116461390,truth_social:746,0.90,0.942993,
truth_social:109836837116461390,truth_social:474,0.90,0.937480,
truth_social:109836837116461390,truth_social:1845,0.90,0.918072,
truth_social:109836837116461390,truth_social:1131,0.85,0.897222,
truth_social:109836837116461390,truth_social:814,0.85,0.890445,
truth_social:109836837116461390,truth_social:1848,0.85,0.869039,
truth_social:109836837116461390,truth_social:788,0.80,0.835112,
truth_social:109836837116461390,truth_social:1049,0.80,0.820348,
truth_social:109836837116461390,truth_social:684,0.80,0.802062,
truth_social:109836837116461390,truth_social:1342,0.75,0.797535,
truth_social:109836837116461390,truth_social:1984,0.75,0.788126,
truth_social:109836837116461390,truth_social:771,0.75,0.755119,
truth_social:109836837116461390,truth_social:17,0.70,0.738774,
truth_social:109836837116461390,truth_social:964,0.70,0.737611,
truth_social:109836837116461390,truth_social:1083,0.70,0.733005,
truth_social:110384051064378318,truth_social:1159,0.90,0.903323,
truth_social:110384051064378318,truth_social:963,0.90,0.900952,
truth_social:110384051064378318,truth_social:1717,0.90,0.900074,
truth_social:110384051064378318,truth_social:519,0.85,0.884156,
truth_social:110384051064378318,truth_social:111137924538404850,0.85,0.884031,
truth_social:110384051064378318,truth_social:1573,0.85,0.861086,
truth_social:110384051064378318,truth_social:711,0.80,0.841832,
truth_social:110384051064378318,truth_social:1002,0.80,0.807288,
truth_social:110384051064378318,truth_social:1944,0.80,0.800161,
truth_social:110384051064378318,truth_social:632,0.75,0.793166,
truth_social:110384051064378318,truth_social:529,0.75,0.766602,
truth_social:110384051064378318,truth_social:46,0.75,0.763510,
truth_social:110384051064378318,truth_social:1076,0.70,0.748364,
truth_social:110384051064378318,truth_social:1817,0.70,0.747178,
truth_social:110384051064378318,truth_social:1193,0.70,0.721962,
truth_social:110475840682787882,truth_social:969,0.90,0.901874,
truth_social:110475840682787882,truth_social:648,0.85,0.894574,
truth_social:110475840682787882,truth_social:1913,0.85,0.891593,
truth_social:110475840682787882,truth_social:215,0.85,0.863875,
truth_social:110475840682787882,truth_social:1385,0.80,0.846181,
truth_social:110475840682787882,truth_social:1095,0.80,0.841562,
truth_social:110475840682787882,truth_social:507,0.80,0.805572,
truth_social:110475840682787882,truth_social:371,0.75,0.796776,
truth_social:110475840682787882,truth_social:928,0.75,0.791006,
truth_social:110475840682787882,truth_social:1408,0.75,0.773253,
truth_social:110475840682787882,truth_social:1406,0.70,0.745518,
truth_social:110475840682787882,truth_social:983,0.70,0.739369,
truth_social:110475840682787882,truth_social:1200,0.70,0.712421,
truth_social:110826195969815808,truth_social:737,0.90,0.998659,
truth_social:110826195969815808,truth_social:37,0.90,0.984439,
truth_social:110826195969815808,truth_social:1282,0.90,0.974567,
truth_social:110826195969815808,truth_social:1355,0.85,0.872868,
truth_social:110826195969815808,truth_social:1751,0.85,0.863072,
truth_social:110826195969815808,truth_social:1636,0.85,0.853726,
truth_social:110826195969815808,truth_social:959,0.80,0.847368,
truth_social:110826195969815808,truth_social:725,0.80,0.823565,
truth_social:110826195969815808,truth_social:755,0.80,0.820507,
truth_social:110826195969815808,truth_social:1650,0.75,0.792888,
truth_social:110826195969815808,truth_social:452,0.75,0.775893,
truth_social:110826195969815808,truth_social:1702,0.75,0.770968,
truth_social:110826195969815808,truth_social:124,0.70,0.741839,
truth_social:110826195969815808,truth_social:1137,0.70,0.733835,
truth_social:110826195969815808,truth_social:693,0.70,0.721708,
truth_social:110964486144064686,truth_social:860,0.90,0.990346,
truth_social:110964486144064686,truth_social:273,0.90,0.976713,
truth_social:110964486144064686,truth_social:1824,0.90,0.975212,
truth_social:110964486144064686,truth_social:1945,0.85,0.875242,
truth_social:110964486144064686,truth_social:1589,0.85,0.857068,
truth_social:110964486144064686,truth_social:1959,0.85,0.851054,
truth_social:110964486144064686,truth_social:1322,0.80,0.826289,
truth_social:110964486144064686,truth_social:223,0.80,0.821939,
truth_social:110964486144064686,truth_social:1446,0.80,0.813107,
truth_social:110964486144064686,truth_social:828,0.75,0.799564,
truth_social:110964486144064686,truth_social:374,0.75,0.782082,
truth_social:110964486144064686,truth_social:642,0.75,0.765796,
truth_social:110964486144064686,truth_social:124,0.70,0.741883,
truth_social:110964486144064686,truth_social:285,0.70,0.724207,
truth_social:110964486144064686,truth_social:693,0.70,0.720334,
truth_social:111076755850485138,truth_social:716,0.90,0.937696,
truth_social:111076755850485138,truth_social:161,0.90,0.930169,
truth_social:111076755850485138,truth_social:365,0.90,0.922773,
truth_social:111076755850485138,truth_social:1033,0.85,0.897941,
truth_social:111076755850485138,truth_social:211,0.85,0.850602,
truth_social:111076755850485138,truth_social:1078,0.85,0.850065,
truth_social:111076755850485138,truth_social:1826,0.80,0.835206,
truth_social:111076755850485138,truth_social:831,0.80,0.830368,
truth_social:111076755850485138,truth_social:1830,0.80,0.823592,
truth_social:111076755850485138,truth_social:520,0.75,0.787365,
truth_social:111076755850485138,truth_social:1765,0.75,0.771304,
truth_social:111076755850485138,truth_social:411,0.75,0.766179,
truth_social:111076755850485138,truth_social:1201,0.70,0.746634,
truth_social:111076755850485138,truth_social:1941,0.70,0.740888,
truth_social:111076755850485138,truth_social:1076,0.70,0.718736,
truth_social:111137924538404850,truth_social:192,0.90,0.976585,
truth_social:111137924538404850,truth_social:1069,0.90,0.975973,
truth_social:111137924538404850,truth_social:670,0.90,0.903654,
truth_social:111137924538404850,truth_social:1201,0.70,0.740342,
truth_social:111146021758433442,truth_social:864,0.90,0.997646,
truth_social:111146021758433442,truth_social:1466,0.90,0.985050,
truth_social:111146021758433442,truth_social:571,0.90,0.964463,
truth_social:111146021758433442,truth_social:801,0.85,0.898013,
truth_social:111146021758433442,truth_social:1804,0.85,0.868433,
truth_social:111146021758433442,truth_social:343,0.85,0.861815,
truth_social:111146021758433442,truth_social:837,0.80,0.843616,
truth_social:111146021758433442,truth_social:1653,0.80,0.835007,
truth_social:111146021758433442,truth_social:1801,0.80,0.826187,
truth_social:111146021758433442,truth_social:551,0.75,0.780131,
truth_social:111146021758433442,truth_social:589,0.75,0.772861,
truth_social:111146021758433442,truth_social:563,0.75,0.770584,
truth_social:111146021758433442,truth_social:1137,0.70,0.734538,
truth_social:111146021758433442,truth_social:693,0.70,0.725619,
truth_social:111146021758433442,truth_social:285,0.70,0.723850,
truth_social:111512227817146364,truth_social:1226,0.90,0.985364,
truth_social:111512227817146364,truth_social:1910,0.90,0.969503,
truth_social:111512227817146364,truth_social:1595,0.90,0.963456,
truth_social:111512227817146364,truth_social:1865,0.85,0.873350,
truth_social:111512227817146364,truth_social:1335,0.85,0.850421,
truth_social:111512227817146364,truth_social:1200,0.75,0.792588,
truth_social:111512227817146364,truth_social:1201,0.70,0.742924,
truth_social:111551588135419982,truth_social:1628,0.90,0.939272,
truth_social:111551588135419982,truth_social:1204,0.90,0.939022,
truth_social:111551588135419982,truth_social:189,0.90,0.936929,
truth_social:111551588135419982,truth_social:516,0.85,0.883933,
truth_social:111551588135419982,truth_social:986,0.85,0.882986,
truth_social:111551588135419982,truth_social:609,0.85,0.856746,
truth_social:111551588135419982,truth_social:116596886701876953,0.80,0.832552,
truth_social:111551588135419982,truth_social:959,0.80,0.820531,
truth_social:111551588135419982,truth_social:1566,0.80,0.817734,
truth_social:111551588135419982,truth_social:265,0.75,0.787318,
truth_social:111551588135419982,truth_social:46,0.75,0.779742,
truth_social:111551588135419982,truth_social:1830,0.75,0.762791,
truth_social:111551588135419982,truth_social:1767,0.70,0.741383,
truth_social:111551588135419982,truth_social:1866,0.70,0.728030,
truth_social:111551588135419982,truth_social:1201,0.70,0.724315,
truth_social:111621096414641540,truth_social:669,0.90,0.996838,
truth_social:111621096414641540,truth_social:1863,0.90,0.982249,
truth_social:111621096414641540,truth_social:443,0.90,0.967131,
truth_social:111621096414641540,truth_social:35,0.85,0.878302,
truth_social:111621096414641540,truth_social:1529,0.85,0.874558,
truth_social:111621096414641540,truth_social:1355,0.85,0.871110,
truth_social:111621096414641540,truth_social:543,0.80,0.840903,
truth_social:111621096414641540,truth_social:1947,0.80,0.824991,
truth_social:111621096414641540,truth_social:1007,0.80,0.821869,
truth_social:111621096414641540,truth_social:1205,0.75,0.787860,
truth_social:111621096414641540,truth_social:551,0.75,0.777947,
truth_social:111621096414641540,truth_social:983,0.75,0.775894,
truth_social:111621096414641540,truth_social:1941,0.70,0.745233,
truth_social:111621096414641540,truth_social:1950,0.70,0.735578,
truth_social:111621096414641540,truth_social:1137,0.70,0.729570,
truth_social:111712513152072722,truth_social:1932,0.90,0.998500,
truth_social:111712513152072722,truth_social:552,0.90,0.997573,
truth_social:111712513152072722,truth_social:367,0.90,0.965430,
truth_social:111712513152072722,truth_social:770,0.85,0.889952,
truth_social:111712513152072722,truth_social:1719,0.85,0.886321,
truth_social:111712513152072722,truth_social:778,0.85,0.882506,
truth_social:111712513152072722,truth_social:930,0.80,0.833620,
truth_social:111712513152072722,truth_social:1947,0.80,0.826921,
truth_social:111712513152072722,truth_social:796,0.80,0.814479,
truth_social:111712513152072722,truth_social:88,0.75,0.777054,
truth_social:111712513152072722,truth_social:1194,0.75,0.776958,
truth_social:111712513152072722,truth_social:239,0.75,0.758074,
truth_social:111712513152072722,truth_social:76,0.70,0.732763,
truth_social:111712513152072722,truth_social:1076,0.70,0.723707,
truth_social:111712513152072722,truth_social:1605,0.70,0.711078,
truth_social:111882108215156086,truth_social:225,0.90,0.990379,
truth_social:111882108215156086,truth_social:405,0.90,0.988660,
truth_social:111882108215156086,truth_social:538,0.90,0.986422,
truth_social:111882108215156086,truth_social:259,0.85,0.882167,
truth_social:111882108215156086,truth_social:1223,0.85,0.863446,
truth_social:111882108215156086,truth_social:1078,0.85,0.857594,
truth_social:111882108215156086,truth_social:685,0.80,0.848695,
truth_social:111882108215156086,truth_social:930,0.80,0.834642,
truth_social:111882108215156086,truth_social:1844,0.80,0.812720,
truth_social:111882108215156086,truth_social:88,0.75,0.775282,
truth_social:111882108215156086,truth_social:1765,0.75,0.773387,
truth_social:111882108215156086,truth_social:1629,0.75,0.765070,
truth_social:111882108215156086,truth_social:1137,0.70,0.734987,
truth_social:111882108215156086,truth_social:1076,0.70,0.722018,
truth_social:112505041152285504,truth_social:969,0.90,0.903125,
truth_social:112505041152285504,truth_social:111076755850485138,0.90,0.901186,
truth_social:112505041152285504,truth_social:295,0.90,0.900123,
truth_social:112505041152285504,truth_social:538,0.85,0.882487,
truth_social:112505041152285504,truth_social:1369,0.85,0.880803,
truth_social:112505041152285504,truth_social:809,0.85,0.879256,
truth_social:112505041152285504,truth_social:684,0.80,0.828153,
truth_social:112505041152285504,truth_social:271,0.80,0.817131,
truth_social:112505041152285504,truth_social:1262,0.80,0.814142,
truth_social:112505041152285504,truth_social:360,0.75,0.774877,
truth_social:112505041152285504,truth_social:1624,0.75,0.770919,
truth_social:112505041152285504,truth_social:1317,0.75,0.751788,
truth_social:112505041152285504,truth_social:228,0.70,0.730255,
truth_social:112505041152285504,truth_social:343,0.70,0.729862,
truth_social:112505041152285504,truth_social:242,0.70,0.712680,
truth_social:113301449737228852,truth_social:491,0.90,0.972635,
truth_social:113301449737228852,truth_social:111882108215156086,0.90,0.968845,
truth_social:113301449737228852,truth_social:1394,0.90,0.913168,
truth_social:113301449737228852,truth_social:832,0.85,0.899068,
truth_social:113301449737228852,truth_social:660,0.85,0.875422,
truth_social:113301449737228852,truth_social:396,0.85,0.866098,
truth_social:113301449737228852,truth_social:539,0.80,0.845350,
truth_social:113301449737228852,truth_social:1660,0.80,0.829671,
truth_social:113301449737228852,truth_social:1193,0.80,0.821412,
truth_social:113301449737228852,truth_social:1844,0.75,0.799428,
truth_social:113301449737228852,truth_social:1789,0.75,0.771158,
truth_social:113301449737228852,truth_social:839,0.75,0.766492,
truth_social:113301449737228852,truth_social:551,0.70,0.734107,
truth_social:113301449737228852,truth_social:306,0.70,0.729605,
truth_social:113301449737228852,truth_social:1608,0.70,0.724833,
truth_social:113426436990570801,truth_social:1044,0.85,0.874573,
truth_social:113426436990570801,truth_social:649,0.85,0.874246,
truth_social:113426436990570801,truth_social:1307,0.85,0.851191,
truth_social:113426436990570801,truth_social:689,0.80,0.848855,
truth_social:113426436990570801,truth_social:37,0.80,0.844741,
truth_social:113426436990570801,truth_social:353,0.80,0.821115,
truth_social:113426436990570801,truth_social:716,0.75,0.791692,
truth_social:113426436990570801,truth_social:1653,0.75,0.764995,
truth_social:113426436990570801,truth_social:1327,0.75,0.753415,
truth_social:113426436990570801,truth_social:719,0.70,0.746313,
truth_social:113426436990570801,truth_social:1185,0.70,0.734268,
truth_social:113426436990570801,truth_social:781,0.70,0.709788,
truth_social:115216445416479469,truth_social:949,0.90,0.982733,
truth_social:115216445416479469,truth_social:1621,0.90,0.934800,
truth_social:115216445416479469,truth_social:229,0.90,0.900963,
truth_social:115216445416479469,truth_social:1314,0.85,0.861734,
truth_social:115216445416479469,truth_social:1443,0.85,0.852626,
truth_social:115216445416479469,truth_social:298,0.85,0.852303,
truth_social:115216445416479469,truth_social:1968,0.80,0.845585,
truth_social:115216445416479469,truth_social:1362,0.80,0.824912,
truth_social:115216445416479469,truth_social:1653,0.80,0.823095,
truth_social:115216445416479469,truth_social:791,0.75,0.788879,
truth_social:115216445416479469,truth_social:168,0.75,0.781025,
truth_social:115216445416479469,truth_social:475,0.75,0.775303,
truth_social:115216445416479469,truth_social:460,0.70,0.749309,
truth_social:115216445416479469,truth_social:1137,0.70,0.730623,
truth_social:115216445416479469,truth_social:900,0.70,0.712742,
truth_social:115493792769655959,truth_social:1620,0.80,0.805943,
truth_social:115493792769655959,truth_social:1237,0.80,0.805074,
truth_social:115493792769655959,truth_social:1424,0.80,0.801515,
truth_social:115493792769655959,truth_social:1561,0.75,0.792896,
truth_social:115493792769655959,truth_social:284,0.75,0.792803,
truth_social:115493792769655959,truth_social:558,0.75,0.792260,
truth_social:115493792769655959,truth_social:1695,0.70,0.746801,
truth_social:115493792769655959,truth_social:414,0.70,0.713663,
truth_social:115493792769655959,truth_social:110475840682787882,0.70,0.707875,
truth_social:115663952570644904,truth_social:108952337524740244,0.90,0.907052,
truth_social:115663952570644904,truth_social:1586,0.90,0.903111,
truth_social:115663952570644904,truth_social:1982,0.90,0.902373,
truth_social:115663952570644904,truth_social:1516,0.85,0.899722,
truth_social:115663952570644904,truth_social:1987,0.85,0.898313,
truth_social:115663952570644904,truth_social:37,0.85,0.882687,
truth_social:115663952570644904,truth_social:544,0.80,0.848691,
truth_social:115663952570644904,truth_social:1129,0.80,0.814124,
truth_social:115663952570644904,truth_social:271,0.80,0.811139,
truth_social:115663952570644904,truth_social:40,0.75,0.777273,
truth_social:115663952570644904,truth_social:725,0.75,0.771621,
truth_social:115663952570644904,truth_social:1102,0.75,0.757138,
truth_social:115663952570644904,truth_social:539,0.70,0.748133,
truth_social:115663952570644904,truth_social:1511,0.70,0.719559,
truth_social:115663952570644904,truth_social:411,0.70,0.714700,
truth_social:115791817694825755,truth_social:1234,0.90,0.968864,
truth_social:115791817694825755,truth_social:49,0.90,0.936531,
truth_social:115791817694825755,truth_social:63,0.90,0.915031,
truth_social:115791817694825755,truth_social:1625,0.85,0.898056,
truth_social:115791817694825755,truth_social:749,0.85,0.869887,
truth_social:115791817694825755,truth_social:1969,0.85,0.865073,
truth_social:115791817694825755,truth_social:89,0.80,0.838905,
truth_social:115791817694825755,truth_social:1925,0.80,0.836476,
truth_social:115791817694825755,truth_social:1945,0.80,0.826540,
truth_social:115791817694825755,truth_social:1130,0.75,0.793589,
truth_social:115791817694825755,truth_social:1907,0.75,0.789932,
truth_social:115791817694825755,truth_social:582,0.75,0.783269,
truth_social:115791817694825755,truth_social:745,0.70,0.730981,
truth_social:115791817694825755,truth_social:1235,0.70,0.728484,
truth_social:115791817694825755,truth_social:1941,0.70,0.723611,
truth_social:115871567004197826,truth_social:1310,0.90,0.968284,
truth_social:115871567004197826,truth_social:694,0.90,0.950981,
truth_social:115871567004197826,truth_social:666,0.90,0.908110,
truth_social:115871567004197826,truth_social:871,0.85,0.899871,
truth_social:115871567004197826,truth_social:1757,0.85,0.871207,
truth_social:115871567004197826,truth_social:1134,0.85,0.866379,
truth_social:115871567004197826,truth_social:1304,0.80,0.829325,
truth_social:115871567004197826,truth_social:1476,0.80,0.813186,
truth_social:115871567004197826,truth_social:1894,0.80,0.801899,
truth_social:115871567004197826,truth_social:520,0.75,0.795053,
truth_social:115871567004197826,truth_social:826,0.75,0.789646,
truth_social:115871567004197826,truth_social:0,0.75,0.765013,
truth_social:115871567004197826,truth_social:141,0.70,0.747253,
truth_social:115871567004197826,truth_social:1545,0.70,0.734298,
truth_social:115871567004197826,truth_social:1950,0.70,0.725084,
truth_social:115946646049401300,truth_social:111137924538404850,0.90,0.972615,
truth_social:115946646049401300,truth_social:1140,0.90,0.956415,
truth_social:115946646049401300,truth_social:1856,0.90,0.938373,
truth_social:115946646049401300,truth_social:609,0.85,0.888691,
truth_social:115946646049401300,truth_social:1656,0.85,0.880120,
truth_social:115946646049401300,truth_social:1540,0.85,0.863842,
truth_social:115946646049401300,truth_social:579,0.80,0.817640,
truth_social:115946646049401300,truth_social:134,0.80,0.813656,
truth_social:115946646049401300,truth_social:1718,0.80,0.806980,
truth_social:115946646049401300,truth_social:1130,0.75,0.798456,
truth_social:115946646049401300,truth_social:1702,0.75,0.764081,
truth_social:115946646049401300,truth_social:460,0.75,0.754968,
truth_social:115946646049401300,truth_social:76,0.70,0.730618,
truth_social:115946646049401300,truth_social:693,0.70,0.726814,
truth_social:115946646049401300,truth_social:1076,0.70,0.719470,
truth_social:116213110990414470,truth_social:51,0.90,0.986526,
truth_social:116213110990414470,truth_social:1895,0.90,0.986300,
truth_social:116213110990414470,truth_social:1281,0.90,0.941529,
truth_social:116213110990414470,truth_social:1273,0.85,0.877826,
truth_social:116213110990414470,truth_social:30,0.85,0.871766,
truth_social:116213110990414470,truth_social:683,0.85,0.855291,
truth_social:116213110990414470,truth_social:1552,0.80,0.848475,
truth_social:116213110990414470,truth_social:1339,0.80,0.814063,
truth_social:116213110990414470,truth_social:690,0.80,0.802296,
truth_social:116213110990414470,truth_social:1365,0.75,0.797582,
truth_social:116213110990414470,truth_social:1213,0.75,0.756524,
truth_social:116213110990414470,truth_social:642,0.75,0.753389,
truth_social:116213110990414470,truth_social:317,0.70,0.749718,
truth_social:116213110990414470,truth_social:1950,0.70,0.736503,
truth_social:116213110990414470,truth_social:628,0.70,0.734053,
truth_social:116591756607268698,truth_social:511,0.90,0.932108,
truth_social:116591756607268698,truth_social:377,0.90,0.927012,
truth_social:116591756607268698,truth_social:1142,0.90,0.905722,
truth_social:116591756607268698,truth_social:362,0.85,0.892538,
truth_social:116591756607268698,truth_social:1483,0.85,0.879292,
truth_social:116591756607268698,truth_social:565,0.85,0.876993,
truth_social:116591756607268698,truth_social:1319,0.80,0.848690,
truth_social:116591756607268698,truth_social:1846,0.80,0.840383,
truth_social:116591756607268698,truth_social:542,0.80,0.828424,
truth_social:116591756607268698,truth_social:412,0.75,0.790034,
truth_social:116591756607268698,truth_social:1083,0.75,0.780412,
truth_social:116591756607268698,truth_social:1068,0.75,0.776927,
truth_social:116591756607268698,truth_social:551,0.70,0.743217,
truth_social:116591756607268698,truth_social:270,0.70,0.724330,
truth_social:116591756607268698,truth_social:125,0.70,0.719089,
truth_social:116596886701876953,truth_social:65,0.90,0.915962,
truth_social:116596886701876953,truth_social:1147,0.90,0.910940,
truth_social:116596886701876953,truth_social:1839,0.90,0.909885,
truth_social:116596886701876953,truth_social:1547,0.85,0.895765,
truth_social:116596886701876953,truth_social:75,0.85,0.880898,
truth_social:116596886701876953,truth_social:507,0.85,0.871293,
truth_social:116596886701876953,truth_social:1583,0.80,0.830064,
truth_social:116596886701876953,truth_social:1865,0.80,0.822845,
truth_social:116596886701876953,truth_social:1024,0.80,0.801872,
truth_social:116596886701876953,truth_social:1907,0.75,0.780389,
truth_social:116596886701876953,truth_social:1857,0.75,0.774616,
truth_social:116596886701876953,truth_social:1767,0.75,0.763761,
truth_social:116596886701876953,truth_social:88,0.70,0.748887,
truth_social:116596886701876953,truth_social:348,0.70,0.734828,
truth_social:116596886701876953,truth_social:1808,0.70,0.704582,
truth_social:117337317276437965,truth_social:1559,0.90,0.984332,
truth_social:117337317276437965,truth_social:1417,0.90,0.979660,
truth_social:117337317276437965,truth_social:1687,0.90,0.900946,
truth_social:117337317276437965,truth_social:1185,0.85,0.893723,
truth_social:117337317276437965,truth_social:1539,0.85,0.882980,
truth_social:117337317276437965,truth_social:529,0.85,0.860375,
truth_social:117337317276437965,truth_social:930,0.80,0.832533,
truth_social:117337317276437965,truth_social:1925,0.80,0.826858,
truth_social:117337317276437965,truth_social:369,0.80,0.821027,
truth_social:117337317276437965,truth_social:964,0.75,0.794422,
truth_social:117337317276437965,truth_social:88,0.75,0.777230,
truth_social:117337317276437965,truth_social:1765,0.75,0.767219,
truth_social:117337317276437965,truth_social:1478,0.70,0.749950,
truth_social:117337317276437965,truth_social:1076,0.70,0.726398,
truth_social:117337317276437965,truth_social:1137,0.70,0.709234,
