status_id,created_at,direct_lag_s,direct_cf_lag_s,cnn_lag_s,trumpstruth_fresh_lag_s,trumpstruth_lag_s
117361716972225267,2026-09-30T19:48:03+00:00,9,9,309,190,6430
117362505555047950,2026-09-30T23:08:36+00:00,36,36,876,217,1597
117362507109086060,2026-09-30T23:08:59+00:00,73,73,853,194,1574
117362512360400632,2026-09-30T23:10:19+00:00,53,53,773,114,1494
117362512481491992,2026-09-30T23:10:21+00:00,51,51,771,112,1492
117362592371612185,2026-09-30T23:30:40+00:00,32,32,152,153,273
117362870737690439,2026-10-01T00:41:28+00:00,44,44,2644,105,3225
117363088922196903,2026-10-01T01:36:57+00:00,75,75,1275,256,7096
117363089683591337,2026-10-01T01:37:09+00:00,63,63,1263,244,7084
117363113783791267,2026-10-01T01:43:16+00:00,56,56,896,417,6717
117363131054368093,2026-10-01T01:47:40+00:00,32,32,632,153,6453
117363250174439013,2026-10-01T02:17:58+00:00,74,74,1234,4155,4635
117363251732231828,2026-10-01T02:18:21+00:00,51,51,1211,112,4612
117363252945698992,2026-10-01T02:18:40+00:00,32,32,1192,33,4593
117363254598194638,2026-10-01T02:19:05+00:00,67,67,1167,2168,4568
117363255844500237,2026-10-01T02:19:24+00:00,48,48,1148,2149,4549
117363257382134049,2026-10-01T02:19:48+00:00,24,25,1124,2125,4525
117363258929059499,2026-10-01T02:20:11+00:00,61,61,1101,602,4502
117363260871717815,2026-10-01T02:20:41+00:00,31,31,1071,572,4472
117363264569974249,2026-10-01T02:21:37+00:00,35,35,1015,216,4416
117363266224228487,2026-10-01T02:22:03+00:00,70,70,990,190,4390
117363277304148804,2026-10-01T02:24:52+00:00,80,80,820,321,4221
117363279107343576,2026-10-01T02:25:19+00:00,53,53,793,294,4194
117363279453563269,2026-10-01T02:25:24+00:00,48,48,788,289,4189
117363279810129997,2026-10-01T02:25:30+00:00,42,42,782,283,4183
117363528339371665,2026-10-01T03:28:42+00:00,30,30,50,2791,7591
117363529555626519,2026-10-01T03:29:01+00:00,71,71,1351,2772,7572
117363530938149737,2026-10-01T03:29:22+00:00,50,50,1330,831,7551
117363810994521058,2026-10-01T04:40:35+00:00,37,37,317,878,3278
117366233265033126,2026-10-01T14:56:36+00:00,36,36,596,97,2317
117366242139776153,2026-10-01T14:58:51+00:00,21,21,461,82,2182
117366396669364721,2026-10-01T15:38:09+00:00,3,63,83,184,
117366474576378383,2026-10-01T15:57:58.570Z,14,14,1434,75,
117366588767807179,2026-10-01T16:27:00.993Z,12,12,492,73,
117366844728020252,2026-10-01T17:32:06+00:00,66,6,126,127,
117366845448721312,2026-10-01T17:32:17+00:00,55,55,115,116,
